customer_id,first_name,last_name,age,email,country,postal_code
1,Quentin,Aloshechkin,32,qaloshechkin0@example.com,Czech Republic,411 86
2,Hillary,Rennebach,46,hrennebach1@noaa.gov,Indonesia,
3,Roxine,Daily,52,rdaily2@yahoo.co.jp,Colombia,056047
4,Sybila,Washington,70,swashington3@goo.ne.jp,Colombia,252608
5,Sybil,Willishire,52,swillishire4@washingtonpost.com,China,
6,Jayme,Chittie,37,jchittie5@github.com,China,
7,Eydie,Petrazzi,40,epetrazzi6@bbc.co.uk,France,17314 CEDEX
8,Anabal,Whopples,63,awhopples7@dedecms.com,Honduras,
9,Luis,Elsmore,23,lelsmore8@theatlantic.com,China,
10,Cristabel,Tomaszewski,40,ctomaszewski9@utexas.edu,Mexico,79783
11,Fey,Thurlbeck,33,fthurlbecka@dropbox.com,Poland,42-470
12,Linoel,Georgeon,53,lgeorgeonb@google.com,Portugal,2550-523
13,Tallie,Dorran,44,tdorranc@wix.com,Tanzania,
14,Rosabella,Caseri,56,rcaserid@clickbank.net,Tanzania,
15,Audrey,Lowy,35,alowye@state.tx.us,Indonesia,
16,Tanya,Tree,20,ttreef@wikimedia.org,Costa Rica,20706
17,Aldis,Irnis,42,airnisg@imdb.com,Japan,441-3603
18,Cedric,Mottinelli,39,cmottinellih@businessweek.com,Japan,386-0404
19,Grethel,Kersting,80,gkerstingi@mit.edu,Mauritania,
20,Beverie,Croal,76,bcroalj@wisc.edu,Indonesia,
21,Derrik,Leonard,65,dleonardk@theatlantic.com,China,
22,Ericka,Chaplyn,80,echaplynl@go.com,Dominican Republic,11805
23,Devlen,Camerati,46,dcameratim@theglobeandmail.com,China,
24,Haily,Ludye,54,hludyen@wufoo.com,China,
25,Fania,Roswarne,27,froswarneo@google.fr,Poland,18-421
26,Jamill,Wann,65,jwannp@yelp.com,Brazil,24890-000
27,Traci,Puleque,83,tpulequeq@homestead.com,China,
28,Ella,Hanburry,33,ehanburryr@virginia.edu,Philippines,9006
29,Constance,Escalera,81,cescaleras@businessweek.com,Philippines,7210
30,Fallon,Kinsell,78,fkinsellt@facebook.com,United Kingdom,NE46
31,Corine,Currao,30,ccurraou@msn.com,China,
32,Vania,Haller,22,vhallerv@gravatar.com,France,64145 CEDEX
33,Alyce,Aizikovitch,25,aaizikovitchw@prlog.org,Peru,
34,Trev,Sponer,70,tsponerx@hibu.com,Indonesia,
35,Andie,Moncreiffe,60,amoncreiffey@accuweather.com,Poland,32-854
36,Alexio,Cato,30,acatoz@blog.com,Brazil,35200-000
37,Rick,Bowle,18,rbowle10@amazonaws.com,Sweden,791 26
38,Nissa,Saterweyte,80,nsaterweyte11@fotki.com,Bulgaria,6710
39,Glory,Exelby,53,gexelby12@businessweek.com,Philippines,7116
40,Simone,Dady,73,sdady13@prnewswire.com,Indonesia,
41,Andy,Aaron,54,aaaron14@zimbio.com,Sweden,751 41
42,Correna,Brazur,80,cbrazur15@scribd.com,Egypt,
43,Nathanial,Perle,81,nperle16@usnews.com,Thailand,17000
44,Una,MacGauhy,38,umacgauhy17@163.com,China,
45,Reinwald,Dobrovsky,54,rdobrovsky18@ihg.com,Poland,32-031
46,Kirsten,Twigg,47,ktwigg19@ovh.net,Egypt,
47,Consuelo,Gapper,35,cgapper1a@dmoz.org,Argentina,5919
48,Glenden,Aveling,20,gaveling1b@amazon.co.jp,Philippines,5211
49,Riane,Goom,50,rgoom1c@csmonitor.com,France,74964 CEDEX
50,Lorrie,MacArte,47,lmacarte1d@si.edu,China,
51,Boy,Camplen,84,bcamplen1e@soundcloud.com,China,
52,Fara,Rogans,20,frogans1f@ask.com,China,
53,Kellyann,Bedberry,74,kbedberry1g@people.com.cn,China,
54,Marijn,Broadhead,57,mbroadhead1h@taobao.com,Russia,673377
55,Editha,Catenot,69,ecatenot1i@lulu.com,Czech Republic,788 32
56,Anissa,Simoneschi,58,asimoneschi1j@craigslist.org,Yemen,
57,Jarret,Ferras,29,jferras1k@techcrunch.com,Brazil,64110-000
58,Marshal,Farragher,42,mfarragher1l@dion.ne.jp,Chile,
59,Domini,Burchell,60,dburchell1m@mail.ru,Indonesia,
60,Evanne,Bourcq,57,ebourcq1n@dyndns.org,Indonesia,
61,Merl,Goucher,39,mgoucher1o@shinystat.com,South Africa,8445
62,Boycie,Whear,49,bwhear1p@pagesperso-orange.fr,New Caledonia,98839
63,Jarib,Mallaby,56,jmallaby1q@imgur.com,Portugal,3800-745
64,Cookie,Whittek,77,cwhittek1r@google.nl,China,
65,Edouard,Redfearn,70,eredfearn1s@yandex.ru,United States,20508
66,Lizbeth,Kippins,50,lkippins1t@theguardian.com,Thailand,60230
67,Pippy,Well,80,pwell1u@soup.io,Poland,89-310
68,Tonnie,Hayhow,76,thayhow1v@chronoengine.com,Indonesia,
69,Brandea,Wardhough,68,bwardhough1w@admin.ch,Indonesia,
70,Kiel,Bunn,20,kbunn1x@twitpic.com,Bangladesh,9210
71,Danielle,Perl,73,dperl1y@pagesperso-orange.fr,Indonesia,
72,Deanne,Creeber,75,dcreeber1z@yahoo.com,France,06224 CEDEX
73,Carina,Tome,48,ctome20@scribd.com,Greece,
74,Nonnah,Walford,46,nwalford21@cmu.edu,China,
75,Kai,Kyndred,71,kkyndred22@fastcompany.com,Portugal,8650-409
76,Glenn,Hews,70,ghews23@omniture.com,Brazil,56400-000
77,Hugibert,Blant,45,hblant24@ameblo.jp,Czech Republic,517 01
78,Andria,O'Scandall,39,aoscandall25@wikispaces.com,Yemen,
79,Darin,Tree,45,dtree26@xing.com,Colombia,130027
80,Flora,Poulsum,72,fpoulsum27@printfriendly.com,United States,25331
81,Tamiko,Rathbourne,19,trathbourne28@t.co,Philippines,5602
82,Anthe,Austwick,42,aaustwick29@scribd.com,China,
83,Katrinka,Decort,67,kdecort2a@yellowbook.com,China,
84,Anselma,Duffet,24,aduffet2b@techcrunch.com,China,
85,Templeton,Vockings,42,tvockings2c@spiegel.de,Indonesia,
86,Binny,Klouz,48,bklouz2d@about.me,China,
87,Reine,Di Bartolomeo,73,rdibartolomeo2e@tumblr.com,South Africa,6583
88,Michaella,Kevane,73,mkevane2f@amazon.com,Portugal,2635-230
89,Evelyn,Isaac,53,eisaac2g@smh.com.au,Philippines,1485
90,Tommi,Smewings,66,tsmewings2h@ted.com,Bosnia and Herzegovina,
91,Jessie,Reisen,51,jreisen2i@booking.com,Czech Republic,503 53
92,Meredeth,Skaife,47,mskaife2j@nationalgeographic.com,Guatemala,17003
93,Ayn,Linzey,26,alinzey2k@chronoengine.com,Brazil,85760-000
94,Dorita,Rodenhurst,84,drodenhurst2l@prweb.com,China,
95,Georgena,Woolbrook,64,gwoolbrook2m@auda.org.au,Bangladesh,7407
96,Nathanil,Dadd,62,ndadd2n@1688.com,Indonesia,
97,Templeton,Foggarty,36,tfoggarty2o@cargocollective.com,China,
98,Davidson,O' Scallan,56,doscallan2p@infoseek.co.jp,Germany,10823
99,Timmie,O'Kieran,71,tokieran2q@bandcamp.com,North Korea,
100,Minnie,Struys,45,mstruys2r@discovery.com,Sweden,792 92
101,Horten,Burrett,52,hburrett2s@ft.com,Japan,968-0442
102,Ricardo,Mertgen,59,rmertgen2t@topsy.com,Russia,684350
103,Gustav,Sarfass,69,gsarfass2u@mysql.com,China,
104,Lilith,Twelves,41,ltwelves2v@arstechnica.com,Mongolia,
105,Dar,Lorente,33,dlorente2w@shop-pro.jp,Japan,950-0862
106,Merlina,Eustis,71,meustis2x@wp.com,Mongolia,
107,Rorke,Srutton,19,rsrutton2y@w3.org,Bolivia,
108,Bethena,Bonehill,66,bbonehill2z@tumblr.com,China,
109,Idalina,Consterdine,66,iconsterdine30@columbia.edu,Brazil,47640-000
110,Mahmoud,Mews,42,mmews31@cmu.edu,Montenegro,
111,Ianthe,Byrnes,82,ibyrnes32@pen.io,Slovenia,1241
112,Ernestus,Ranyelld,76,eranyelld33@ovh.net,Peru,
113,Bertina,Behagg,55,bbehagg34@nih.gov,France,47211 CEDEX
114,Adrien,Pullan,60,apullan35@mapquest.com,Japan,865-0005
115,Standford,Porcher,61,sporcher36@freewebs.com,Philippines,5404
116,Roderich,Dragonette,59,rdragonette37@deviantart.com,Thailand,30110
117,Doris,Farney,63,dfarney38@china.com.cn,United Kingdom,RG20
118,Godfry,Moye,61,gmoye39@si.edu,Nigeria,
119,Daryle,Testro,71,dtestro3a@dropbox.com,China,
120,Rhoda,Duesberry,64,rduesberry3b@themeforest.net,Indonesia,
121,Audie,Wardingly,76,awardingly3c@fda.gov,China,
122,Kendra,Quoit,58,kquoit3d@china.com.cn,Morocco,
123,Bernete,Leng,43,bleng3e@omniture.com,China,
124,Legra,Domniney,47,ldomniney3f@tinypic.com,Indonesia,
125,Welbie,Courson,58,wcourson3g@vimeo.com,China,
126,Dar,Nise,50,dnise3h@51.la,Indonesia,
127,Bert,Cliffe,29,bcliffe3i@dmoz.org,Russia,180559
128,Vinni,Plaistowe,33,vplaistowe3j@tuttocitta.it,Peru,
129,Terrill,De la Yglesia,76,tdelayglesia3k@artisteer.com,China,
130,Malissa,Nise,34,mnise3l@storify.com,Uganda,
131,Courtnay,Gatch,18,cgatch3m@g.co,Albania,
132,Essy,Marcinkowski,29,emarcinkowski3n@vistaprint.com,Uganda,
133,Tamarra,Mapledoram,63,tmapledoram3o@hubpages.com,Azerbaijan,
134,Ellette,McDonell,80,emcdonell3p@drupal.org,China,
135,Emyle,Neesham,65,eneesham3q@sakura.ne.jp,Thailand,18190
136,Lorinda,Renehan,57,lrenehan3r@altervista.org,Brazil,23970-000
137,Cordy,Perfili,19,cperfili3s@nbcnews.com,China,
138,Amalea,Simms,70,asimms3t@wordpress.com,Brazil,89540-000
139,Dan,McFadin,79,dmcfadin3u@noaa.gov,Yemen,
140,Feliks,Flade,27,fflade3v@google.nl,Czech Republic,473 01
141,Godfrey,Currer,52,gcurrer3w@intel.com,Portugal,4880-076
142,Kristan,Durante,83,kdurante3x@addthis.com,Poland,34-221
143,Cary,Noone,25,cnoone3y@pen.io,Mexico,48850
144,Corinne,O'Brogane,56,cobrogane3z@rambler.ru,Japan,822-0034
145,Dulci,Hegerty,75,dhegerty40@state.tx.us,China,
146,Sharline,Brumbye,21,sbrumbye41@mlb.com,China,
147,Ulberto,Byart,55,ubyart42@spiegel.de,Czech Republic,783 06
148,Megen,Dennison,48,mdennison43@samsung.com,Yemen,
149,Wendi,Cowdry,81,wcowdry44@webs.com,Guadeloupe,97199 CEDEX
150,Linell,Lowcock,36,llowcock45@51.la,China,
151,Garry,Lammin,62,glammin46@soup.io,China,
152,Milicent,Zanazzi,31,mzanazzi47@miibeian.gov.cn,Portugal,4690-580
153,Pammi,Rennock,24,prennock48@vkontakte.ru,China,
154,Haze,Benedek,54,hbenedek49@wunderground.com,China,
155,Shayna,Gronou,37,sgronou4a@blogspot.com,Russia,429500
156,Janean,Devenny,19,jdevenny4b@icq.com,Nigeria,
157,Corliss,Parmenter,42,cparmenter4c@tmall.com,Brazil,15950-000
158,Aloise,Blakely,30,ablakely4d@google.es,Indonesia,
159,Sammie,Greggersen,36,sgreggersen4e@squidoo.com,China,
160,Hillier,Becraft,51,hbecraft4f@earthlink.net,Argentina,4152
161,Laney,Jollands,71,ljollands4g@ifeng.com,Indonesia,
162,Katy,Norker,54,knorker4h@elpais.com,China,
163,Ruby,Heino,34,rheino4i@hatena.ne.jp,Philippines,6419
164,Wallie,Mallard,36,wmallard4j@mozilla.org,Poland,21-543
165,Elane,Ricardet,75,ericardet4k@blinklist.com,Japan,872-0511
166,Orelee,Pikhno,33,opikhno4l@free.fr,Brazil,69600-000
167,Culley,Asser,35,casser4m@shinystat.com,Sweden,413 11
168,Melantha,Danser,39,mdanser4n@about.me,New Zealand,4120
169,Valeda,Donegan,45,vdonegan4o@archive.org,Uganda,
170,Andrei,Haythorne,24,ahaythorne4p@mlb.com,Japan,987-0121
171,Zerk,Takos,35,ztakos4q@unesco.org,New Zealand,2140
172,Rebekkah,Deex,34,rdeex4r@goo.gl,China,
173,Wrennie,Syphas,40,wsyphas4s@geocities.jp,Colombia,232059
174,Claudie,Geeson,46,cgeeson4t@yellowbook.com,Finland,43901
175,Correy,Auld,47,cauld4u@nyu.edu,Portugal,2425-405
176,Harold,Mennithorp,79,hmennithorp4v@harvard.edu,China,
177,Flori,Domanski,48,fdomanski4w@yandex.ru,Indonesia,
178,Pearla,Picknett,23,ppicknett4x@sphinn.com,Bolivia,
179,Yolande,Berni,74,yberni4y@smh.com.au,Russia,141667
180,Demetri,Monday,76,dmonday4z@princeton.edu,France,09104 CEDEX
181,Casi,Huntingdon,30,chuntingdon50@slate.com,Bosnia and Herzegovina,
182,Vaughan,Madoc-Jones,82,vmadocjones51@hp.com,Pakistan,76000
183,Waylin,Aries,50,waries52@businesswire.com,China,
184,Bambie,Shanklin,30,bshanklin53@quantcast.com,Poland,32-765
185,Rees,Pesticcio,25,rpesticcio54@scientificamerican.com,Indonesia,
186,Patsy,Bambridge,50,pbambridge55@list-manage.com,Peru,
187,Paolina,Ubsdall,59,pubsdall56@rediff.com,Russia,433201
188,Ashlee,Brownsea,52,abrownsea57@scientificamerican.com,China,
189,Liane,Sparham,42,lsparham58@dyndns.org,Mexico,96980
190,Franciskus,Pleaden,82,fpleaden59@prweb.com,China,
191,Gwendolen,Feaveer,60,gfeaveer5a@amazon.co.uk,Philippines,0930
192,Anthea,Shinfield,33,ashinfield5b@reddit.com,Ireland,P47
193,Gerty,Clurow,50,gclurow5c@liveinternet.ru,China,
194,Berty,O'Concannon,50,boconcannon5d@gov.uk,Norway,0472
195,Elna,Maulin,37,emaulin5e@flavors.me,Argentina,4608
196,Vania,Mixture,67,vmixture5f@list-manage.com,South Africa,9922
197,Roderic,Poel,78,rpoel5g@prweb.com,Portugal,4870-130
198,Jarret,Sandcroft,61,jsandcroft5h@ehow.com,Brazil,95720-000
199,Rickie,Kenefick,72,rkenefick5i@soup.io,Serbia,
200,Leonelle,Landeg,37,llandeg5j@drupal.org,France,24053 CEDEX
201,Devy,Ellice,75,dellice5k@mashable.com,Russia,396841
202,Romola,Kenrat,51,rkenrat5l@auda.org.au,Brazil,39620-000
203,Iolande,Nutbeem,53,inutbeem5m@bigcartel.com,Poland,36-071
204,Rriocard,Tailour,66,rtailour5n@yale.edu,Ukraine,
205,Marlene,Kemmett,44,mkemmett5o@walmart.com,Sweden,603 52
206,Anatola,Colbert,57,acolbert5p@google.com.hk,Greece,
207,Algernon,Wandtke,35,awandtke5q@bloglines.com,Indonesia,
208,Karlie,Toye,77,ktoye5r@engadget.com,Bulgaria,3818
209,Aguste,Knevett,33,aknevett5s@php.net,Nepal,
210,Emalee,Leggate,58,eleggate5t@sciencedirect.com,Finland,34550
211,Grannie,Cahn,55,gcahn5u@rediff.com,United States,66112
212,Leland,Cheale,64,lcheale5v@amazon.co.uk,China,
213,Jeanie,Shackleton,66,jshackleton5w@google.com.au,East Timor,
214,Sandye,Ivanenkov,28,sivanenkov5x@ftc.gov,France,93214 CEDEX
215,Etienne,Bawden,51,ebawden5y@marketwatch.com,Poland,42-256
216,Jackquelin,Josebury,71,jjosebury5z@blogger.com,Micronesia,
217,Humbert,Gallanders,37,hgallanders60@mtv.com,China,
218,Jaquenetta,Paddon,23,jpaddon61@cpanel.net,Indonesia,
219,Davin,Treacy,26,dtreacy62@mac.com,Russia,607069
220,Adah,Lafayette,43,alafayette63@indiatimes.com,Honduras,
221,Kelci,O'Neil,72,koneil64@sciencedaily.com,Russia,142609
222,Dannye,Brannon,52,dbrannon65@devhub.com,Republic of the Congo,
223,Imelda,Swadlinge,28,iswadlinge66@sogou.com,Philippines,2301
224,Corena,Hirche,78,chirche67@unblog.fr,Indonesia,
225,Honey,Fausch,84,hfausch68@reverbnation.com,Canada,E4E
226,Kristofor,MacCaughey,45,kmaccaughey69@tuttocitta.it,Hungary,7621
227,Sheri,Ziemke,67,sziemke6a@columbia.edu,United States,95405
228,Emmey,Antoszczyk,39,eantoszczyk6b@imageshack.us,Poland,44-274
229,Padriac,Eminson,43,peminson6c@cafepress.com,Serbia,
230,Agata,Connichie,56,aconnichie6d@canalblog.com,Russia,157460
231,Krishna,Roelofs,47,kroelofs6e@wp.com,Portugal,4745-235
232,Sherwood,Lovart,27,slovart6f@about.me,China,
233,Isidore,Medlicott,63,imedlicott6g@chicagotribune.com,Russia,606640
234,Wayland,Ginnell,45,wginnell6h@bigcartel.com,United States,71151
235,Shaylyn,Baldini,67,sbaldini6i@free.fr,Portugal,2140-368
236,Jerrome,Alessandrini,42,jalessandrini6j@loc.gov,France,21604 CEDEX
237,Ginger,Coxall,67,gcoxall6k@time.com,Poland,64-810
238,Zita,Aust,60,zaust6l@w3.org,Colombia,910008
239,Nannette,D'Agostini,28,ndagostini6m@mail.ru,Russia,427985
240,Randa,Mannin,43,rmannin6n@dot.gov,France,29688 CEDEX
241,Emmalynn,Walesby,54,ewalesby6o@archive.org,Italy,90141
242,Christoforo,Bleesing,53,cbleesing6p@ibm.com,Ukraine,
243,Aharon,Priscott,82,apriscott6q@webmd.com,Philippines,2207
244,Tuck,Sauvan,80,tsauvan6r@bizjournals.com,United States,29220
245,Wyn,Guisot,57,wguisot6s@bigcartel.com,Slovakia,851 03
246,Grace,Blaszczak,51,gblaszczak6t@drupal.org,Brazil,37958-000
247,Kirsten,How to preserve,52,khowtopreserve6u@pcworld.com,Russia,652649
248,Shirl,Dawidsohn,37,sdawidsohn6v@people.com.cn,Russia,392999
249,Nessa,Isherwood,25,nisherwood6w@bloomberg.com,China,
250,Jermaine,Rennebeck,72,jrennebeck6x@myspace.com,France,57119 CEDEX
251,Juanita,Deppe,31,jdeppe6y@goo.gl,Canada,B2J
252,Carver,Hanwright,63,chanwright6z@biglobe.ne.jp,Tunisia,
253,Tresa,Le Teve,26,tleteve70@answers.com,Philippines,8102
254,Gilbert,Ahrend,82,gahrend71@theguardian.com,Indonesia,
255,Verne,Gilbanks,84,vgilbanks72@dyndns.org,Poland,43-245
256,Shoshana,Aldin,25,saldin73@auda.org.au,China,
257,Saul,Cottill,25,scottill74@dot.gov,Ukraine,
258,Gregoire,Kuhwald,56,gkuhwald75@printfriendly.com,Poland,38-115
259,Blancha,Woolnough,33,bwoolnough76@hp.com,Philippines,9013
260,Karlen,Sigward,81,ksigward77@globo.com,Indonesia,
261,Alexina,Michell,85,amichell78@xing.com,France,69339 CEDEX 02
262,Arlette,Wringe,44,awringe79@wikispaces.com,China,
263,Wyatan,Bownes,18,wbownes7a@lycos.com,Brazil,88330-000
264,Marga,Twitching,38,mtwitching7b@bizjournals.com,United Kingdom,OX12
265,Tamma,Teenan,38,tteenan7c@cnet.com,Brazil,17580-000
266,Darin,Oxton,22,doxton7d@answers.com,France,69639 CEDEX
267,Urbanus,Volett,73,uvolett7e@twitpic.com,North Korea,
268,Daren,Geistmann,69,dgeistmann7f@addthis.com,Indonesia,
269,Gail,Goodsir,39,ggoodsir7g@oracle.com,Philippines,7300
270,Rebbecca,Wharby,34,rwharby7h@weebly.com,Canada,V6M
271,Darcie,Wavell,32,dwavell7i@cam.ac.uk,Indonesia,
272,Chelsy,D'Elias,28,cdelias7j@lulu.com,Uganda,
273,Colet,Fernehough,20,cfernehough7k@ucoz.com,Zambia,
274,Bradford,Curner,31,bcurner7l@sphinn.com,China,
275,Byrann,Grube,83,bgrube7m@hc360.com,Indonesia,
276,Law,Tomovic,81,ltomovic7n@cocolog-nifty.com,Poland,73-150
277,Hanni,Wakelin,27,hwakelin7o@globo.com,Ukraine,
278,Nataniel,Gallahue,49,ngallahue7p@rediff.com,Cameroon,
279,Enrica,Purkess,20,epurkess7q@lycos.com,Russia,659029
280,Riccardo,Noen,25,rnoen7r@pinterest.com,Indonesia,
281,Philbert,Piser,48,ppiser7s@macromedia.com,Sweden,106 42
282,Brit,Guillerman,36,bguillerman7t@google.nl,Portugal,2840-137
283,Philomena,Akhurst,50,pakhurst7u@dailymail.co.uk,Indonesia,
284,Calvin,Warsap,30,cwarsap7v@i2i.jp,Czech Republic,669 02
285,Carena,Knapp,76,cknapp7w@quantcast.com,Russia,673201
286,Shermy,McCague,22,smccague7x@stumbleupon.com,China,
287,Jenna,Kingswold,34,jkingswold7y@pinterest.com,Russia,446533
288,Estell,Wieprecht,76,ewieprecht7z@is.gd,Indonesia,
289,Karlen,Galbreath,48,kgalbreath80@yolasite.com,Tajikistan,
290,Valerye,Hynd,47,vhynd81@fema.gov,Philippines,9206
291,Cristi,Frankcom,81,cfrankcom82@nhs.uk,Indonesia,
292,Mikel,Lutty,32,mlutty83@unblog.fr,Russia,181518
293,Vasili,Bentall,73,vbentall84@de.vu,China,
294,Hetty,Baudinot,54,hbaudinot85@wisc.edu,Kosovo,
295,Jud,Hammerberger,75,jhammerberger86@over-blog.com,Morocco,
296,Swen,Woodburn,24,swoodburn87@elpais.com,Nepal,
297,Sianna,Keijser,32,skeijser88@comcast.net,Poland,36-207
298,Bambie,Simcoe,58,bsimcoe89@blinklist.com,Philippines,8209
299,Kaleena,MacPherson,59,kmacpherson8a@rakuten.co.jp,Malta,HMR
300,Augustus,Skipton,25,askipton8b@de.vu,Russia,649220
301,Sunny,Cotton,22,scotton8c@springer.com,Ghana,
302,Kippie,Venart,67,kvenart8d@sciencedaily.com,China,
303,Karissa,Yeld,72,kyeld8e@oaic.gov.au,Thailand,70110
304,Constancia,Hurich,72,churich8f@newsvine.com,Japan,503-2429
305,Hilarius,Skewes,40,hskewes8g@spotify.com,Vietnam,
306,Gerrilee,Martina,57,gmartina8h@bloomberg.com,Tanzania,
307,Llewellyn,Baudacci,49,lbaudacci8i@ask.com,Portugal,9700-602
308,Leonora,Meaney,77,lmeaney8j@elegantthemes.com,Greece,
309,Ermengarde,Loachhead,38,eloachhead8k@posterous.com,China,
310,Pattie,Lightbody,57,plightbody8l@telegraph.co.uk,Portugal,7580-005
311,Mel,Malyj,73,mmalyj8m@ft.com,Russia,164670
312,Flinn,Shackesby,25,fshackesby8n@google.ca,Portugal,3040-561
313,Wes,Martins,74,wmartins8o@jimdo.com,Armenia,
314,Mareah,Tupp,42,mtupp8p@admin.ch,Honduras,
315,Fran,Riatt,83,friatt8q@wufoo.com,Afghanistan,
316,Helga,Gooday,47,hgooday8r@uol.com.br,China,
317,Lynda,Garritley,60,lgarritley8s@tmall.com,China,
318,Holly-anne,Dinsey,24,hdinsey8t@cdc.gov,Armenia,
319,Appolonia,Gumley,60,agumley8u@sina.com.cn,Brazil,14960-000
320,Marinna,Mitrikhin,58,mmitrikhin8v@shareasale.com,United States,22908
321,Damien,Holbarrow,54,dholbarrow8w@deliciousdays.com,China,
322,Raddy,Maughan,37,rmaughan8x@xing.com,Indonesia,
323,Kendre,Spittal,42,kspittal8y@bloomberg.com,China,
324,Lesley,Schott,58,lschott8z@livejournal.com,China,
325,Nikita,Waadenburg,74,nwaadenburg90@pbs.org,Argentina,3384
326,Kimberli,Stringman,27,kstringman91@nba.com,Greece,
327,Sarena,Larn,47,slarn92@seattletimes.com,China,
328,Elvis,Chaudhry,75,echaudhry93@qq.com,China,
329,Alana,Gammack,40,agammack94@howstuffworks.com,China,
330,Shana,Pinkard,40,spinkard95@tmall.com,China,
331,Rudy,Plowman,44,rplowman96@vkontakte.ru,Philippines,6513
332,Cullen,Mattiassi,67,cmattiassi97@bloglines.com,Portugal,7300-006
333,Fonzie,Haughton,59,fhaughton98@yolasite.com,Albania,
334,Zacherie,Huckster,29,zhuckster99@opera.com,Thailand,37180
335,Genovera,Wetherby,68,gwetherby9a@phpbb.com,Portugal,2305-025
336,Pryce,Malter,39,pmalter9b@businessinsider.com,Thailand,94170
337,Jordon,Melbourn,25,jmelbourn9c@bbc.co.uk,Ukraine,
338,Ferd,Lockton,62,flockton9d@furl.net,Indonesia,
339,Bernhard,Akhurst,69,bakhurst9e@tmall.com,Iran,
340,Emma,Cotherill,21,ecotherill9f@imageshack.us,China,
341,Martha,Wilshaw,36,mwilshaw9g@businessinsider.com,Philippines,1444
342,Ardith,Dobbins,40,adobbins9h@jimdo.com,Indonesia,
343,Thain,Blackden,78,tblackden9i@dailymail.co.uk,Germany,28355
344,Andreas,Catterill,59,acatterill9j@indiegogo.com,Morocco,
345,Rycca,Soloway,30,rsoloway9k@home.pl,Australia,1134
346,Pamela,Gavahan,29,pgavahan9l@github.com,Uzbekistan,
347,Winna,Delle,46,wdelle9m@miibeian.gov.cn,Czech Republic,739 04
348,Merola,Ciccottio,72,mciccottio9n@zimbio.com,Indonesia,
349,Leupold,Creaney,57,lcreaney9o@geocities.com,Sweden,123 57
350,Devora,Tussaine,38,dtussaine9p@wp.com,China,
351,Bertrando,Christley,82,bchristley9q@businesswire.com,Colombia,522508
352,Bertie,Burkwood,66,bburkwood9r@statcounter.com,China,
353,Currey,Totterdill,49,ctotterdill9s@engadget.com,Indonesia,
354,Geneva,Chattoe,70,gchattoe9t@qq.com,Indonesia,
355,Adler,McDuall,47,amcduall9u@umn.edu,Indonesia,
356,Aaron,Heinl,26,aheinl9v@skype.com,China,
357,Margy,Quarton,64,mquarton9w@whitehouse.gov,South Africa,1274
358,Osborne,Onraet,33,oonraet9x@newyorker.com,Niger,
359,Myrvyn,Eastop,26,meastop9y@answers.com,Croatia,43226
360,York,Janacek,61,yjanacek9z@youtu.be,China,
361,Donny,Stopp,47,dstoppa0@cisco.com,Ireland,F93
362,Starr,Perree,55,sperreea1@webeden.co.uk,Japan,889-1912
363,Domingo,Goman,70,dgomana2@hexun.com,Colombia,051048
364,Bord,Dubbin,41,bdubbina3@jalbum.net,Brazil,90000-000
365,Shawn,Legrice,44,slegricea4@msu.edu,United States,33023
366,Tess,Asaaf,58,tasaafa5@prweb.com,Cuba,
367,Penn,Gildroy,32,pgildroya6@t.co,Brazil,39880-000
368,Norene,Presswell,33,npresswella7@dedecms.com,France,31019 CEDEX 2
369,Antonina,Crop,78,acropa8@smugmug.com,Denmark,1098
370,Hamid,Golly,68,hgollya9@cnbc.com,Portugal,8200-567
371,Rebe,Lowry,77,rlowryaa@mac.com,France,63009 CEDEX 1
372,Josselyn,Orris,39,jorrisab@51.la,Morocco,
373,Konstance,Corsan,27,kcorsanac@slate.com,Peru,
374,Bambi,Babe,45,bbabead@oracle.com,Mali,
375,Alexandro,Engelbrecht,81,aengelbrechtae@pcworld.com,United States,72215
376,Aurilia,Cuthill,42,acuthillaf@mozilla.com,Ukraine,
377,Abramo,Ennever,85,aenneverag@ucoz.com,Indonesia,
378,Adi,Sutherland,73,asutherlandah@stanford.edu,Japan,992-0351
379,Trenna,Lyman,24,tlymanai@zimbio.com,China,
380,Joann,Hammerberg,83,jhammerbergaj@columbia.edu,Thailand,34350
381,Gal,O' Scallan,68,goscallanak@wix.com,Brazil,18950-000
382,Shamus,Abercrombie,67,sabercrombieal@who.int,Thailand,36130
383,Damaris,Melia,53,dmeliaam@sohu.com,Vietnam,
384,Kay,Rosencwaig,39,krosencwaigan@usda.gov,Philippines,0550
385,Merla,Corry,64,mcorryao@spotify.com,Uzbekistan,
386,Toddie,Rossi,60,trossiap@myspace.com,France,31124 CEDEX
387,Cornelle,Raddon,37,craddonaq@canalblog.com,Russia,188992
388,Hermann,Ravelus,21,hravelusar@canalblog.com,China,
389,Herold,Heliar,39,hheliaras@gizmodo.com,China,
390,Gwynne,McKenney,46,gmckenneyat@globo.com,China,
391,Osborne,Algate,19,oalgateau@blogger.com,Poland,68-130
392,Saunders,McCurtin,30,smccurtinav@nih.gov,Bahrain,
393,Joya,McNerlin,51,jmcnerlinaw@delicious.com,South Africa,8680
394,Pavel,Weben,21,pwebenax@w3.org,France,78304 CEDEX
395,Lindsy,Bartol,41,lbartolay@mapy.cz,China,
396,Eleonora,Camidge,23,ecamidgeaz@tumblr.com,Czech Republic,687 12
397,Rossy,Birch,84,rbirchb0@jigsy.com,Philippines,7039
398,Neala,Greenshiels,44,ngreenshielsb1@latimes.com,Russia,394075
399,Andonis,Whitwham,37,awhitwhamb2@creativecommons.org,Albania,
400,Augie,Tremmil,46,atremmilb3@bing.com,China,
401,Erena,Baudon,58,ebaudonb4@omniture.com,Cayman Islands,
402,Hew,Garie,21,hgarieb5@mlb.com,Philippines,3107
403,Agathe,Paschek,75,apaschekb6@elegantthemes.com,Albania,
404,Lorri,Rames,78,lramesb7@diigo.com,Indonesia,
405,Wes,Still,23,wstillb8@census.gov,Myanmar,
406,Gisela,Richardes,26,grichardesb9@topsy.com,Colombia,190018
407,Vinson,Jakeway,42,vjakewayba@irs.gov,Andorra,AD300
408,Wynn,Illidge,76,willidgebb@wikipedia.org,China,
409,Delcina,Cannavan,46,dcannavanbc@statcounter.com,China,
410,Jacky,Maffia,50,jmaffiabd@alibaba.com,China,
411,Waring,Mothersdale,39,wmothersdalebe@fotki.com,Venezuela,
412,Whitman,Napier,25,wnapierbf@dagondesign.com,China,
413,Izzy,Symon,43,isymonbg@ameblo.jp,Chad,
414,Josias,Carnson,33,jcarnsonbh@europa.eu,Philippines,6129
415,Piggy,Twinberrow,23,ptwinberrowbi@gov.uk,Indonesia,
416,Gonzales,Redington,72,gredingtonbj@skype.com,Iran,
417,Franky,Defrain,79,fdefrainbk@shinystat.com,Panama,
418,Barnebas,Courtese,35,bcourtesebl@deviantart.com,Poland,28-411
419,Zebadiah,Innes,47,zinnesbm@opensource.org,Poland,46-300
420,Estevan,Fruchter,33,efruchterbn@i2i.jp,Russia,692909
421,Harold,Dillinton,41,hdillintonbo@hugedomains.com,Philippines,7105
422,Neil,Kovacs,49,nkovacsbp@phoca.cz,Mexico,58910
423,Carrissa,Loble,84,cloblebq@google.es,France,49010 CEDEX 01
424,Sonnnie,Willavize,81,swillavizebr@mayoclinic.com,China,
425,Johannah,Assiter,29,jassiterbs@google.cn,Canada,H9A
426,Dougy,Cawley,21,dcawleybt@youku.com,Russia,644091
427,Dannye,Sumpton,39,dsumptonbu@usnews.com,Philippines,0918
428,Toinette,Caudrelier,29,tcaudrelierbv@foxnews.com,Russia,356003
429,Rina,Tomala,55,rtomalabw@etsy.com,Brazil,38280-000
430,Madelle,Dobeson,81,mdobesonbx@washington.edu,China,
431,Natale,Finlay,72,nfinlayby@cargocollective.com,China,
432,Cybil,Stalman,34,cstalmanbz@theguardian.com,Portugal,2640-705
433,Mike,Duester,30,mduesterc0@artisteer.com,United States,28235
434,Arda,Straun,39,astraunc1@squidoo.com,Peru,
435,Paddie,Pecha,42,ppechac2@hugedomains.com,China,
436,Alanna,Fairbank,52,afairbankc3@behance.net,Russia,433396
437,Dixie,Riby,70,dribyc4@youku.com,China,
438,Verine,Cancutt,83,vcancuttc5@twitpic.com,Chile,
439,Julienne,Jedrys,34,jjedrysc6@github.com,Portugal,6060-205
440,Padget,Szwandt,26,pszwandtc7@addtoany.com,Afghanistan,
441,Conrado,Ashford,62,cashfordc8@bigcartel.com,Kosovo,
442,Myrta,Emberson,83,membersonc9@va.gov,Indonesia,
443,Sacha,Shepard,38,sshepardca@webeden.co.uk,Canada,M7A
444,Dulcinea,Lydster,56,dlydstercb@nhs.uk,China,
445,Rebecka,Peerman,75,rpeermancc@eepurl.com,Portugal,4890-484
446,Linnie,Bullman,46,lbullmancd@cmu.edu,Bangladesh,4520
447,Elijah,Prandy,82,eprandyce@bbb.org,Nigeria,
448,Mellisent,Tivolier,38,mtivoliercf@networksolutions.com,Ukraine,
449,Star,Dudson,69,sdudsoncg@businesswire.com,Tunisia,
450,Tansy,Giffin,37,tgiffinch@china.com.cn,Philippines,8112
451,Giulia,Pickrell,74,gpickrellci@loc.gov,Serbia,
452,Bobbie,Aspling,34,basplingcj@upenn.edu,Finland,36810
453,Abby,Gippes,52,agippesck@whitehouse.gov,Philippines,6419
454,Jaquenette,Osbidston,85,josbidstoncl@thetimes.co.uk,Indonesia,
455,Lorri,Passo,63,lpassocm@squarespace.com,Colombia,664048
456,Richy,Hulkes,19,rhulkescn@reverbnation.com,Indonesia,
457,Rene,Crooke,75,rcrookeco@utexas.edu,Afghanistan,
458,Bat,Penhallurick,35,bpenhallurickcp@dagondesign.com,Portugal,2510-015
459,Keefer,Moy,23,kmoycq@paypal.com,Indonesia,
460,Winne,Bielby,51,wbielbycr@yale.edu,Cuba,
461,Shandie,Meneur,82,smeneurcs@privacy.gov.au,Colombia,413028
462,Felicity,Stirman,65,fstirmanct@fotki.com,China,
463,Pancho,Silverthorne,54,psilverthornecu@istockphoto.com,Azerbaijan,
464,Vonni,Gianuzzi,54,vgianuzzicv@deliciousdays.com,Poland,83-401
465,Hewie,Chapelhow,64,hchapelhowcw@mit.edu,Russia,353567
466,Wolfy,Brill,24,wbrillcx@bizjournals.com,United States,43666
467,Walt,Mycock,59,wmycockcy@constantcontact.com,Brazil,28890-000
468,Nannette,McQuode,52,nmcquodecz@google.co.uk,Portugal,4490-204
469,Waylan,Fibben,18,wfibbend0@washingtonpost.com,Indonesia,
470,Antonia,Fenny,67,afennyd1@techcrunch.com,Pakistan,21041
471,Gwenore,Fairham,76,gfairhamd2@zdnet.com,Vietnam,
472,Patience,Stuttman,75,pstuttmand3@comsenz.com,Albania,
473,Bibbie,Latore,37,blatored4@smh.com.au,Albania,
474,Meryl,Ambrosoli,49,mambrosolid5@un.org,China,
475,Verge,Hadaway,58,vhadawayd6@blog.com,United Kingdom,SN1
476,Merwin,Sadler,47,msadlerd7@mail.ru,China,
477,Kali,Casel,52,kcaseld8@un.org,Japan,849-5263
478,Jethro,Barrington,81,jbarringtond9@weather.com,China,
479,Pedro,Flowerden,48,pflowerdenda@vistaprint.com,China,
480,Gerrilee,Charrette,80,gcharrettedb@lycos.com,Brazil,78250-000
481,Clevey,Handrik,44,chandrikdc@ed.gov,Nepal,
482,Jayme,Wake,51,jwakedd@mac.com,China,
483,Tansy,Derye-Barrett,79,tderyebarrettde@deliciousdays.com,China,
484,Meghann,Sleith,78,msleithdf@4shared.com,China,
485,Sigismond,Schleswig-Holstein,35,sschleswigholsteindg@ft.com,China,
486,Michail,Pinnock,38,mpinnockdh@oracle.com,China,
487,Dotty,FitzAlan,70,dfitzalandi@va.gov,Philippines,6814
488,Hunfredo,Birdfield,18,hbirdfielddj@sfgate.com,Mexico,43645
489,Jasen,Sprey,82,jspreydk@jimdo.com,China,
490,Tedie,Wentworth,70,twentworthdl@accuweather.com,Finland,14201
491,Ashton,Laycock,53,alaycockdm@live.com,Indonesia,
492,Paolo,Ovitts,24,povittsdn@wikia.com,Indonesia,
493,Daryl,Necrews,53,dnecrewsdo@guardian.co.uk,Indonesia,
494,Genny,Fey,81,gfeydp@admin.ch,Russia,397243
495,Devora,Defau,48,ddefaudq@blinklist.com,Ukraine,
496,Percival,Deyes,62,pdeyesdr@123-reg.co.uk,Mozambique,
497,Elfie,Doerr,78,edoerrds@booking.com,Liberia,
498,Morris,Willeman,64,mwillemandt@pbs.org,Colombia,183027
499,Perrine,Ledamun,77,pledamundu@booking.com,Indonesia,
500,Hi,Sussex,70,hsussexdv@yahoo.com,Philippines,4216
501,Auberta,Vaneev,23,avaneevdw@amazon.co.uk,Philippines,4402
502,Tynan,Dunklee,20,tdunkleedx@google.co.jp,Tanzania,
503,Nicola,Glas,29,nglasdy@phoca.cz,Philippines,1470
504,Shurwood,Block,43,sblockdz@psu.edu,Colombia,084047
505,Garner,Punton,39,gpuntone0@google.com.au,China,
506,Ibby,Hunnable,26,ihunnablee1@twitter.com,China,
507,Salvidor,Riguard,83,sriguarde2@storify.com,China,
508,Pooh,Glader,24,pgladere3@newsvine.com,Ivory Coast,
509,Tabor,Wattisham,26,twattishame4@irs.gov,Norway,0571
510,Lisette,Seaward,34,lseawarde5@umn.edu,China,
511,Clarisse,Alekseicik,31,calekseicike6@theatlantic.com,Israel,
512,Stavro,Waddell,67,swaddelle7@networksolutions.com,Russia,619001
513,Daphne,MacInnes,66,dmacinnese8@moonfruit.com,Tanzania,
514,Becca,Colter,67,bcoltere9@yelp.com,Greece,
515,Kimberlyn,Piet,52,kpietea@altervista.org,Russia,626190
516,Tod,Yitzhok,73,tyitzhokeb@independent.co.uk,Netherlands,4819
517,Aridatha,Noseworthy,69,anoseworthyec@facebook.com,China,
518,Nicole,Gorghetto,40,ngorghettoed@instagram.com,Indonesia,
519,Dulsea,Tiler,26,dtileree@dropbox.com,Indonesia,
520,Lyman,Flacknell,71,lflacknellef@yahoo.com,Norway,8657
521,Chandler,Boyd,31,cboydeg@imageshack.us,Brazil,63580-000
522,Curcio,Greenstreet,69,cgreenstreeteh@dailymotion.com,Indonesia,
523,Valerye,Purchase,60,vpurchaseei@npr.org,South Africa,5688
524,Maury,Tuffs,33,mtuffsej@livejournal.com,China,
525,Walther,Screach,73,wscreachek@geocities.com,Pakistan,38860
526,Shauna,Lamminam,39,slamminamel@sphinn.com,Mongolia,
527,Shell,Hugonneau,43,shugonneauem@disqus.com,Philippines,1114
528,Rosana,Sutlieff,54,rsutlieffen@hc360.com,China,
529,Valaria,Minchin,81,vminchineo@microsoft.com,Indonesia,
530,Melania,Laight,58,mlaightep@who.int,Brazil,62690-000
531,Joby,Perri,36,jperrieq@google.com.au,South Korea,
532,Janeva,Pyffe,68,jpyffeer@google.it,Ecuador,
533,Tarrah,Axtonne,74,taxtonnees@a8.net,Colombia,540019
534,Alix,Santi,61,asantiet@csmonitor.com,China,
535,Dex,Dumbar,85,ddumbareu@prweb.com,Poland,24-160
536,Hasheem,Seakin,40,hseakinev@tumblr.com,Portugal,4805-458
537,Ignace,McFaul,61,imcfaulew@list-manage.com,Poland,18-500
538,Gwendolyn,Bartosch,51,gbartoschex@illinois.edu,China,
539,Ricky,Griffe,65,rgriffeey@digg.com,Japan,960-8141
540,Nicolas,Porte,45,nporteez@comcast.net,Philippines,8601
541,Zedekiah,Leopold,35,zleopoldf0@xrea.com,Portugal,5430-236
542,Kerwin,Corteis,68,kcorteisf1@slate.com,Portugal,4620-620
543,Ferrel,Cankett,74,fcankettf2@wsj.com,Colombia,232517
544,Artemus,Anneslie,67,aanneslief3@jigsy.com,Indonesia,
545,Cazzie,Dillon,50,cdillonf4@fda.gov,China,
546,Orelie,Dengel,75,odengelf5@ebay.co.uk,Ukraine,
547,Bailie,Warrick,75,bwarrickf6@a8.net,France,74004 CEDEX
548,Cordie,Krugmann,32,ckrugmannf7@guardian.co.uk,Poland,17-301
549,Brendan,Jakubowski,42,bjakubowskif8@spotify.com,China,
550,Briney,Debell,21,bdebellf9@elpais.com,Lithuania,67001
551,Merola,Florez,42,mflorezfa@webeden.co.uk,Philippines,6816
552,Otto,Hauxwell,42,ohauxwellfb@deviantart.com,British Virgin Islands,
553,Druci,Pendleton,54,dpendletonfc@dmoz.org,Japan,932-0056
554,Hope,Bawcock,60,hbawcockfd@cnn.com,Philippines,9800
555,Emalia,Kwiek,76,ekwiekfe@people.com.cn,Serbia,
556,Rhetta,Perch,31,rperchff@huffingtonpost.com,France,29327 CEDEX
557,Noll,Vella,70,nvellafg@soundcloud.com,China,
558,Alexine,Jencken,38,ajenckenfh@tuttocitta.it,Switzerland,4055
559,Kym,MacLise,70,kmaclisefi@de.vu,Indonesia,
560,Evelyn,Chasmar,48,echasmarfj@wunderground.com,Bosnia and Herzegovina,
561,Ignazio,Hawke,54,ihawkefk@harvard.edu,Poland,05-160
562,Garrek,Colcomb,82,gcolcombfl@netscape.com,Philippines,6818
563,Sabra,Haythornthwaite,48,shaythornthwaitefm@scribd.com,China,
564,Nanice,Nardrup,56,nnardrupfn@jugem.jp,Finland,47201
565,Chicky,Fogt,56,cfogtfo@google.pl,Indonesia,
566,Jimmie,Dickinson,58,jdickinsonfp@gravatar.com,China,
567,Kincaid,Brazur,53,kbrazurfq@umich.edu,Spain,04070
568,Julius,Chadburn,40,jchadburnfr@list-manage.com,China,
569,Lombard,Parnham,60,lparnhamfs@liveinternet.ru,Indonesia,
570,Abramo,Devoy,31,adevoyft@merriam-webster.com,Greece,
571,Lyman,Andreasen,57,landreasenfu@edublogs.org,China,
572,Kendricks,Cleverley,24,kcleverleyfv@exblog.jp,Afghanistan,
573,Base,Stubbin,35,bstubbinfw@cargocollective.com,China,
574,Darlleen,Cotelard,78,dcotelardfx@naver.com,China,
575,Bonnibelle,Najera,84,bnajerafy@ebay.co.uk,Indonesia,
576,Sayre,Savill,65,ssavillfz@sbwire.com,France,69639 CEDEX
577,Ezra,Cornu,82,ecornug0@ustream.tv,Russia,398032
578,Hugibert,Fernanando,43,hfernanandog1@dion.ne.jp,Peru,
579,Bay,d' Eye,67,bdeyeg2@wikia.com,Portugal,4630-025
580,Cammy,Dales,55,cdalesg3@hao123.com,Vietnam,
581,Harriett,Strafford,42,hstraffordg4@biblegateway.com,United States,87140
582,Benson,Jenno,53,bjennog5@wikipedia.org,Philippines,1200
583,Emiline,Eagles,27,eeaglesg6@webs.com,China,
584,Tilly,Shavel,33,tshavelg7@foxnews.com,Indonesia,
585,Minette,Caldero,32,mcalderog8@bbb.org,Russia,249087
586,Stanislaus,Handley,47,shandleyg9@parallels.com,Colombia,662007
587,Viki,Eskrigg,28,veskriggga@si.edu,Sweden,700 15
588,Winn,Niesel,27,wnieselgb@sohu.com,Iceland,781
589,Diahann,Dingwall,83,ddingwallgc@nature.com,Netherlands,8214
590,Ana,Durdan,85,adurdangd@redcross.org,Afghanistan,
591,Tedd,Salisbury,22,tsalisburyge@linkedin.com,China,
592,Hilary,Brydell,40,hbrydellgf@auda.org.au,United States,78405
593,Ulla,Burril,25,uburrilgg@squarespace.com,Peru,
594,Brockie,Coenraets,20,bcoenraetsgh@cnbc.com,United States,89155
595,Dex,Laffin,80,dlaffingi@upenn.edu,Finland,91980
596,Flint,Fantini,46,ffantinigj@lycos.com,Indonesia,
597,Veronika,Tinmouth,63,vtinmouthgk@example.com,Morocco,
598,Abigail,Gley,85,agleygl@linkedin.com,China,
599,Reba,Jefferson,18,rjeffersongm@wix.com,Portugal,2435-362
600,Ayn,Shreeves,74,ashreevesgn@spotify.com,Greece,
601,Linzy,Gowar,59,lgowargo@domainmarket.com,China,
602,Tiebold,Eddisforth,29,teddisforthgp@sina.com.cn,Indonesia,
603,Paula,Gorrick,27,pgorrickgq@youku.com,China,
604,Tiffie,Fraczek,64,tfraczekgr@ft.com,Nepal,
605,Olympia,Apedaile,71,oapedailegs@wiley.com,China,
606,Torrin,Gebbe,54,tgebbegt@amazon.co.jp,Czech Republic,671 65
607,Cherish,Paddell,34,cpaddellgu@forbes.com,Nepal,
608,Elga,Maliffe,63,emaliffegv@independent.co.uk,Russia,182520
609,Clio,Cuttell,79,ccuttellgw@comcast.net,Albania,
610,Rochester,Brawson,37,rbrawsongx@sphinn.com,Philippines,1154
611,Mallissa,Scutt,39,mscuttgy@fc2.com,China,
612,Irving,Thrift,48,ithriftgz@godaddy.com,Latvia,
613,Florance,Vicioso,34,fviciosoh0@people.com.cn,Greece,
614,Wren,Soda,43,wsodah1@a8.net,Indonesia,
615,Marvin,Stansall,48,mstansallh2@taobao.com,Argentina,5473
616,Zacherie,Breddy,20,zbreddyh3@odnoklassniki.ru,China,
617,Quinta,Kelcey,21,qkelceyh4@freewebs.com,Indonesia,
618,Kimmi,McArthur,38,kmcarthurh5@cornell.edu,China,
619,Phelia,Franciskiewicz,61,pfranciskiewiczh6@scribd.com,Benin,
620,Antonella,Chatelot,18,achateloth7@mtv.com,Norway,0654
621,Sarene,Degli Abbati,34,sdegliabbatih8@unesco.org,Paraguay,
622,Griswold,Brosius,56,gbrosiush9@list-manage.com,China,
623,Kinna,Whayman,39,kwhaymanha@netvibes.com,Russia,678179
624,Price,Eisikowitz,70,peisikowitzhb@utexas.edu,Poland,27-540
625,Gareth,Sautter,26,gsautterhc@ifeng.com,Canada,V2G
626,Gasper,Sinclair,38,gsinclairhd@github.io,Portugal,2775-381
627,Doti,Soule,47,dsoulehe@telegraph.co.uk,Brazil,93800-000
628,Mayne,Eshelby,48,meshelbyhf@shinystat.com,Russia,366303
629,Roselin,Blacksell,44,rblacksellhg@creativecommons.org,China,
630,Susette,Grotty,55,sgrottyhh@washington.edu,Indonesia,
631,Dieter,Tessington,75,dtessingtonhi@yellowbook.com,Honduras,
632,Shaughn,Duchan,72,sduchanhj@163.com,China,
633,Johnnie,Barringer,51,jbarringerhk@wired.com,Indonesia,
634,Aldo,Stairmand,61,astairmandhl@ning.com,Norway,0789
635,Derrik,Van Der Walt,50,dvanderwalthm@un.org,Thailand,10130
636,Gretta,McGirl,84,gmcgirlhn@sun.com,Sweden,437 36
637,Garnet,Lanphier,25,glanphierho@addtoany.com,China,
638,June,Josefsson,60,jjosefssonhp@reuters.com,Palestinian Territory,
639,Carolynn,Dmtrovic,20,cdmtrovichq@washingtonpost.com,Philippines,3714
640,Emmet,Hext,22,ehexthr@yahoo.com,Albania,
641,Stacee,Haskins,75,shaskinshs@addtoany.com,Czech Republic,181 00
642,Raviv,Mandy,22,rmandyht@chron.com,Brazil,44900-000
643,Hyacinthe,Tarver,76,htarverhu@va.gov,Switzerland,1209
644,Owen,Narramor,41,onarramorhv@fotki.com,Russia,249018
645,Berky,Lissandrini,65,blissandrinihw@nih.gov,United States,64125
646,Donnamarie,Villar,20,dvillarhx@fc2.com,China,
647,Elke,Mortlock,79,emortlockhy@va.gov,Mongolia,
648,Carter,Brounsell,34,cbrounsellhz@economist.com,Nicaragua,
649,Angel,Gregh,67,agreghi0@sphinn.com,China,
650,Morna,Maberley,82,mmaberleyi1@mapy.cz,Sweden,561 36
651,Meriel,Notley,51,mnotleyi2@moonfruit.com,Cameroon,
652,Rhodia,Bradberry,36,rbradberryi3@privacy.gov.au,Indonesia,
653,Hadria,Peeke,65,hpeekei4@nih.gov,Canada,L9J
654,Ardra,Stickler,45,astickleri5@constantcontact.com,Peru,
655,Phillie,Galiero,40,pgalieroi6@theglobeandmail.com,Chad,
656,Amalie,Steele,68,asteelei7@disqus.com,China,
657,Mathilde,Laughlan,37,mlaughlani8@vk.com,Poland,38-458
658,Sephira,Malling,69,smallingi9@mashable.com,Sweden,266 91
659,Laverna,Karpushkin,78,lkarpushkinia@phpbb.com,Kiribati,
660,Faber,Hinemoor,53,fhinemoorib@google.ca,Indonesia,
661,Darrelle,Mallan,63,dmallanic@csmonitor.com,Armenia,
662,Dredi,Yandle,73,dyandleid@feedburner.com,Poland,58-130
663,Terri,Orable,70,torableie@fc2.com,China,
664,Row,Tonkin,71,rtonkinif@cnet.com,France,75151 CEDEX 03
665,Eleanore,Vuittet,51,evuittetig@goodreads.com,Jersey,JE3
666,Latisha,Spracklin,51,lspracklinih@youku.com,China,
667,Cyndy,Huge,24,chugeii@accuweather.com,Indonesia,
668,Denys,Izzett,28,dizzettij@sbwire.com,United Kingdom,EC1V
669,Noble,Batteson,67,nbattesonik@oracle.com,Philippines,1173
670,Chrissie,Kembley,38,ckembleyil@independent.co.uk,Burkina Faso,
671,Tiphani,Hubner,21,thubnerim@yellowbook.com,Qatar,
672,Allistir,Skipton,81,askiptonin@loc.gov,China,
673,Simona,Chapleo,69,schapleoio@bbb.org,Sweden,131 88
674,Nonie,Brandacci,28,nbrandacciip@netvibes.com,United States,84125
675,Daniella,Gladdish,64,dgladdishiq@loc.gov,Nicaragua,
676,Samaria,Coda,48,scodair@apple.com,Russia,664511
677,Estella,McGuiney,20,emcguineyis@php.net,Brazil,73900-000
678,Abbey,Bulstrode,28,abulstrodeit@sina.com.cn,Sweden,613 81
679,Valentia,O'Dowd,81,vodowdiu@nih.gov,China,
680,Adeline,Jordin,41,ajordiniv@themeforest.net,Ukraine,
681,Martica,Hammonds,46,mhammondsiw@angelfire.com,Ukraine,
682,Wallis,Shine,41,wshineix@timesonline.co.uk,Japan,819-0014
683,Archy,Scarborough,82,ascarboroughiy@pcworld.com,Russia,623389
684,Estrellita,Plumptre,40,eplumptreiz@psu.edu,Indonesia,
685,Malissia,Yerrall,20,myerrallj0@hostgator.com,Palestinian Territory,
686,Gabe,Schutt,35,gschuttj1@domainmarket.com,Japan,999-3242
687,Yvonne,Panas,34,ypanasj2@nydailynews.com,Sweden,404 32
688,Taite,Kisar,69,tkisarj3@pcworld.com,Peru,
689,Pauly,Izzatt,34,pizzattj4@reuters.com,Finland,77700
690,Kristien,Kenn,66,kkennj5@netscape.com,United States,11407
691,Muire,Hucke,77,mhuckej6@hubpages.com,Sweden,681 22
692,Ollie,Dancer,57,odancerj7@gravatar.com,Russia,347417
693,Nedi,Gilogly,74,ngiloglyj8@nsw.gov.au,China,
694,Jasen,Eilles,81,jeillesj9@msn.com,Puerto Rico,00731
695,Jesselyn,Entwhistle,82,jentwhistleja@nba.com,Philippines,6401
696,Merla,Pottie,73,mpottiejb@shop-pro.jp,Czech Republic,798 43
697,Sunny,Galletly,26,sgalletlyjc@oakley.com,Indonesia,
698,Pepe,Lowdham,19,plowdhamjd@diigo.com,Morocco,
699,Beau,Blacktin,37,bblacktinje@skype.com,China,
700,Dyana,Prall,43,dpralljf@surveymonkey.com,Ivory Coast,
701,Franny,Kantor,47,fkantorjg@weebly.com,Poland,33-334
702,Emilie,Sebert,38,esebertjh@flickr.com,China,
703,Marissa,Turpin,75,mturpinji@networkadvertising.org,Slovenia,2211
704,Chrystal,Bevar,40,cbevarjj@trellian.com,Philippines,6711
705,Joshia,Braxay,81,jbraxayjk@rakuten.co.jp,Indonesia,
706,Jayne,Aiers,48,jaiersjl@cbsnews.com,Ukraine,
707,Nowell,Cowley,48,ncowleyjm@instagram.com,United States,71307
708,Barclay,Lorence,60,blorencejn@java.com,Tanzania,
709,Tremayne,Andreasen,21,tandreasenjo@meetup.com,Philippines,5317
710,Blayne,Aronin,73,baroninjp@shop-pro.jp,France,74944 CEDEX
711,Vincenty,Rousell,35,vrouselljq@walmart.com,Greenland,3900
712,Micheil,Lyburn,26,mlyburnjr@phpbb.com,Greece,
713,Ferrell,Strowger,78,fstrowgerjs@trellian.com,China,
714,Ellie,Lomasny,78,elomasnyjt@mediafire.com,China,
715,Andi,MacShane,56,amacshaneju@squarespace.com,Moldova,MD-7702
716,Marion,Kellough,25,mkelloughjv@squidoo.com,Honduras,
717,Brander,Tubble,20,btubblejw@123-reg.co.uk,Indonesia,
718,Arther,Luckcuck,21,aluckcuckjx@tinyurl.com,Russia,442780
719,Dayle,Bedminster,80,dbedminsterjy@uol.com.br,Madagascar,
720,Davidde,Westmoreland,35,dwestmorelandjz@columbia.edu,United States,10155
721,Philomena,Dunstall,49,pdunstallk0@nymag.com,China,
722,Eirena,Straun,66,estraunk1@google.com.hk,China,
723,Jourdain,Hazeltine,45,jhazeltinek2@sakura.ne.jp,Indonesia,
724,Titus,Torrisi,74,ttorrisik3@ycombinator.com,Indonesia,
725,Fedora,Feldberg,47,ffeldbergk4@cbc.ca,China,
726,Norbie,Cromley,35,ncromleyk5@t.co,Czech Republic,671 65
727,Phil,Laight,71,plaightk6@cmu.edu,Malawi,
728,Freddie,Shildrake,32,fshildrakek7@pbs.org,Japan,950-1262
729,Linn,Haresnape,18,lharesnapek8@topsy.com,Kazakhstan,
730,Prudy,Spooner,47,pspoonerk9@xing.com,Argentina,5401
731,Willem,Trays,46,wtrayska@pinterest.com,Argentina,4500
732,Kermy,Rewan,40,krewankb@sphinn.com,France,07209 CEDEX
733,Rochester,MacAne,59,rmacanekc@sphinn.com,China,
734,Moritz,Louch,21,mlouchkd@cbsnews.com,Thailand,52120
735,Win,Iacapucci,78,wiacapuccike@bloglines.com,France,76804 CEDEX
736,Wynn,Deviney,27,wdevineykf@over-blog.com,Vietnam,
737,Marianne,Vale,21,mvalekg@nasa.gov,Norway,0654
738,Whitman,Weatherburn,83,wweatherburnkh@simplemachines.org,Indonesia,
739,Roland,Bagshawe,55,rbagshaweki@1und1.de,Canada,V6N
740,Mikey,Merali,27,mmeralikj@ucsd.edu,Afghanistan,
741,Cayla,Cherryman,59,ccherrymankk@comcast.net,Kyrgyzstan,
742,Thom,Doswell,62,tdoswellkl@theglobeandmail.com,Indonesia,
743,Jenda,Pyatt,54,jpyattkm@people.com.cn,Thailand,74110
744,Adena,Cator,41,acatorkn@ehow.com,Israel,
745,Patton,Jain,38,pjainko@drupal.org,Czech Republic,739 81
746,Artemus,Wellstood,77,awellstoodkp@sohu.com,China,
747,Tessi,McNeachtain,32,tmcneachtainkq@cmu.edu,Morocco,
748,Skye,Duddin,42,sduddinkr@go.com,Ukraine,
749,Alexis,Stoyell,27,astoyellks@oaic.gov.au,Ukraine,
750,Erina,Yanyshev,28,eyanyshevkt@sbwire.com,Thailand,27180
751,Shermie,Lange,59,slangeku@uiuc.edu,Ethiopia,
752,Mano,Outibridge,58,moutibridgekv@jalbum.net,Nigeria,
753,Trstram,Garlic,54,tgarlickw@sohu.com,Sweden,178 54
754,Nelly,Jurges,23,njurgeskx@elegantthemes.com,Brazil,88100-000
755,Alysia,Carnier,24,acarnierky@npr.org,Colombia,733529
756,Melosa,Musk,26,mmuskkz@ovh.net,China,
757,Arron,Eccleston,43,aecclestonl0@google.ca,Russia,659826
758,Patsy,de Werk,71,pdewerkl1@addthis.com,Brazil,33600-000
759,Rowena,Carman,62,rcarmanl2@yahoo.com,Guatemala,10009
760,Jamesy,Abrey,29,jabreyl3@forbes.com,Indonesia,
761,Aldric,Sokell,37,asokelll4@pen.io,China,
762,Linzy,Brimfield,84,lbrimfieldl5@mtv.com,Ukraine,
763,Augustina,Wilkie,65,awilkiel6@purevolume.com,Kenya,
764,Chris,Scorthorne,64,cscorthornel7@desdev.cn,Bosnia and Herzegovina,
765,Lorrayne,Butterley,58,lbutterleyl8@zdnet.com,Canada,H4R
766,Gustie,Thurlbourne,38,gthurlbournel9@noaa.gov,China,
767,Trumaine,Bescoby,68,tbescobyla@xing.com,China,
768,Craggy,Schutze,34,cschutzelb@de.vu,Rwanda,
769,Ryann,Littleover,61,rlittleoverlc@nature.com,Indonesia,
770,Leanna,MacKibbon,74,lmackibbonld@wunderground.com,Nigeria,
771,Issy,Entres,57,ientresle@so-net.ne.jp,Kenya,
772,Rustie,Benny,79,rbennylf@multiply.com,Japan,939-2747
773,Knox,Crozier,54,kcrozierlg@dagondesign.com,Germany,04109
774,Ossie,Brickett,79,obrickettlh@unicef.org,Indonesia,
775,Brietta,Clinch,50,bclinchli@constantcontact.com,Indonesia,
776,Ellary,Paice,60,epaicelj@themeforest.net,Mongolia,
777,Mic,Winterscale,72,mwinterscalelk@google.co.uk,Azerbaijan,
778,Carney,Gofforth,43,cgofforthll@multiply.com,Poland,19-411
779,Merilee,Crowd,67,mcrowdlm@ca.gov,Peru,
780,Renate,Wimpress,23,rwimpressln@ocn.ne.jp,Argentina,5936
781,Piper,Sheron,48,psheronlo@earthlink.net,China,
782,Shaylyn,Bubbings,27,sbubbingslp@wikipedia.org,Argentina,3708
783,Lucy,Grinval,71,lgrinvallq@ibm.com,Philippines,6124
784,Aguie,Codd,47,acoddlr@artisteer.com,Poland,77-122
785,Deeann,Skene,80,dskenels@fotki.com,Indonesia,
786,Chicky,Anthiftle,81,canthiftlelt@oaic.gov.au,Serbia,
787,Teresita,Margrett,30,tmargrettlu@flickr.com,United States,77713
788,Mose,Phin,58,mphinlv@opensource.org,Indonesia,
789,Rubi,Hirjak,85,rhirjaklw@washingtonpost.com,Philippines,7508
790,Jorrie,Duplock,25,jduplocklx@abc.net.au,China,
791,Arlena,Mahaddy,38,amahaddyly@npr.org,Portugal,2495-405
792,Quintilla,Langford,78,qlangfordlz@mtv.com,Thailand,66120
793,Giraud,Harman,69,gharmanm0@disqus.com,Thailand,22110
794,Dorree,O'Cannavan,32,docannavanm1@cnn.com,Cape Verde,
795,Therese,Ridgway,53,tridgwaym2@yale.edu,China,
796,Karilynn,Jeanequin,79,kjeanequinm3@indiegogo.com,China,
797,Jesselyn,Imason,56,jimasonm4@huffingtonpost.com,China,
798,Paule,Patullo,55,ppatullom5@nasa.gov,Spain,29015
799,Tamarra,Cahan,48,tcahanm6@pcworld.com,China,
800,Julianne,Honeywood,20,jhoneywoodm7@purevolume.com,United States,10459
801,Alyse,Scoble,32,ascoblem8@paginegialle.it,Brazil,98700-000
802,Thebault,Staddon,85,tstaddonm9@economist.com,Ukraine,
803,Ham,McUre,51,hmcurema@fda.gov,Brazil,92000-000
804,Ross,Aylmore,59,raylmoremb@guardian.co.uk,China,
805,Ardelis,Malkin,38,amalkinmc@dell.com,Liberia,
806,Timmi,Gale,74,tgalemd@irs.gov,Morocco,
807,Keriann,Levens,84,klevensme@cdbaby.com,China,
808,Sargent,Dexter,47,sdextermf@imgur.com,Colombia,203067
809,Schuyler,Herkess,65,sherkessmg@wordpress.com,Portugal,9760-016
810,Sherline,Frowing,57,sfrowingmh@tinyurl.com,China,
811,Marty,Iveans,79,miveansmi@myspace.com,Portugal,3450-440
812,Job,Goold,18,jgooldmj@google.co.jp,Indonesia,
813,Gibb,Caughan,75,gcaughanmk@opera.com,Finland,39501
814,Viviyan,Drysdale,83,vdrysdaleml@cpanel.net,Argentina,4612
815,Felice,Bartlomiejczyk,76,fbartlomiejczykmm@merriam-webster.com,Sweden,596 92
816,Minna,Sopp,38,msoppmn@newyorker.com,Ecuador,
817,Torrin,Bartels,68,tbartelsmo@ucsd.edu,Poland,47-470
818,Isahella,Zecchetti,53,izecchettimp@blog.com,China,
819,Aurelea,Lowden,37,alowdenmq@last.fm,Mexico,40053
820,Leanor,Oxbe,28,loxbemr@apache.org,Greece,
821,Aharon,Henkens,72,ahenkensms@webmd.com,China,
822,Myrwyn,Kerner,80,mkernermt@trellian.com,Philippines,5004
823,Matti,Pearle,60,mpearlemu@privacy.gov.au,China,
824,Prescott,Gedling,42,pgedlingmv@redcross.org,Sweden,542 33
825,Allene,Foukx,34,afoukxmw@linkedin.com,China,
826,Clevey,Oldaker,30,coldakermx@ifeng.com,United States,97075
827,Colman,Ormond,82,cormondmy@so-net.ne.jp,China,
828,Joanie,Jirsa,79,jjirsamz@github.com,Philippines,6817
829,Patti,Chretien,22,pchretienn0@nationalgeographic.com,Canada,K7C
830,Minnnie,Axford,74,maxfordn1@theguardian.com,Indonesia,
831,Cleon,Asbrey,34,casbreyn2@cnet.com,Botswana,
832,Caron,Meagher,25,cmeaghern3@forbes.com,Indonesia,
833,Jarrid,Woolard,27,jwoolardn4@squarespace.com,Philippines,6406
834,Barthel,Spillett,80,bspillettn5@jalbum.net,Netherlands,4384
835,Cherey,Fibbit,24,cfibbitn6@geocities.com,Ukraine,
836,Danny,MacFadden,28,dmacfaddenn7@cdbaby.com,Indonesia,
837,Emmy,Wyre,57,ewyren8@cloudflare.com,Croatia,49246
838,Nyssa,McKean,22,nmckeann9@berkeley.edu,Philippines,1200
839,Lauri,Denge,38,ldengena@nifty.com,China,
840,Nancy,Dillingstone,40,ndillingstonenb@ovh.net,Panama,
841,Morganica,Gabbitas,79,mgabbitasnc@wsj.com,Argentina,4630
842,Elisa,Jendas,39,ejendasnd@phoca.cz,Egypt,
843,Beatriz,Prudence,28,bprudencene@elegantthemes.com,Indonesia,
844,Elenore,Schindler,61,eschindlernf@i2i.jp,China,
845,Harrie,Christensen,27,hchristensenng@zdnet.com,Portugal,5155-104
846,Kristos,Haversum,80,khaversumnh@google.pl,Venezuela,
847,Felicity,Christian,53,fchristianni@webs.com,Bolivia,
848,Gwynne,Erie,73,gerienj@thetimes.co.uk,China,
849,Sherri,Olyff,28,solyffnk@freewebs.com,Thailand,34280
850,Anestassia,Eadmead,24,aeadmeadnl@irs.gov,Uruguay,
851,Maureene,Forbes,40,mforbesnm@shareasale.com,South Africa,9421
852,Fonzie,Matthew,49,fmatthewnn@si.edu,Indonesia,
853,Ralf,Fyndon,82,rfyndonno@hc360.com,Philippines,6811
854,Katti,Load,39,kloadnp@squidoo.com,China,
855,Shell,Hrycek,29,shryceknq@wordpress.com,China,
856,Reba,Fricke,67,rfrickenr@tinypic.com,Marshall Islands,96960
857,Bonnee,Liven,47,blivenns@gov.uk,China,
858,Bay,Tilbrook,59,btilbrooknt@stumbleupon.com,Honduras,
859,Jacquenette,Sjostrom,23,jsjostromnu@unc.edu,Portugal,2645-168
860,Elizabet,Axleby,38,eaxlebynv@dyndns.org,Bolivia,
861,Mandie,Bagnold,55,mbagnoldnw@abc.net.au,Sweden,393 59
862,Rosaline,Willerton,24,rwillertonnx@sina.com.cn,Indonesia,
863,Kristi,Lamborn,18,klambornny@utexas.edu,China,
864,Gillie,Schoular,76,gschoularnz@imdb.com,Russia,607614
865,Forbes,Pickrill,24,fpickrillo0@nps.gov,Indonesia,
866,Darb,Samms,73,dsammso1@ebay.com,France,69367 CEDEX 07
867,Laurianne,Wrightham,67,lwrighthamo2@hibu.com,Honduras,
868,Fritz,Amberson,50,fambersono3@cbslocal.com,Ukraine,
869,Jess,Rubberts,83,jrubbertso4@tinyurl.com,Honduras,
870,Coleen,Babbage,47,cbabbageo5@uol.com.br,Philippines,6046
871,Corbet,Casine,51,ccasineo6@facebook.com,Malaysia,13800
872,Gabi,Goodale,18,ggoodaleo7@uiuc.edu,Indonesia,
873,Cherrita,Muggleton,29,cmuggletono8@ezinearticles.com,Russia,187409
874,Gan,Dufer,85,gdufero9@imdb.com,China,
875,Alyss,Pedel,75,apedeloa@telegraph.co.uk,Philippines,9012
876,Rosa,Darby,76,rdarbyob@yellowpages.com,Democratic Republic of the Congo,
877,Lorrie,Rainy,70,lrainyoc@quantcast.com,Brazil,27570-000
878,Ulla,Domico,56,udomicood@hhs.gov,Brazil,76200-000
879,Astrix,Cluett,43,acluettoe@cmu.edu,Germany,44269
880,Wallis,Knill,73,wknillof@biglobe.ne.jp,Russia,423229
881,Ginnifer,Fleury,85,gfleuryog@admin.ch,Denmark,1430
882,Alanah,Baldazzi,56,abaldazzioh@furl.net,China,
883,Dyan,Coney,84,dconeyoi@acquirethisname.com,Indonesia,
884,Evered,Dakhno,51,edakhnooj@va.gov,China,
885,Sawyere,Adamsson,37,sadamssonok@ebay.co.uk,Philippines,7111
886,Winthrop,Noon,18,wnoonol@smh.com.au,Indonesia,
887,Brittney,Blooman,43,bbloomanom@posterous.com,Thailand,84120
888,Raddie,Marin,19,rmarinon@forbes.com,China,
889,Ursola,Crockley,29,ucrockleyoo@nps.gov,China,
890,Skippy,Abelson,74,sabelsonop@oakley.com,Czech Republic,561 53
891,Carmelia,Attoc,64,cattocoq@amazon.com,China,
892,Keefe,Willavize,57,kwillavizeor@bbc.co.uk,Indonesia,
893,Morissa,Fourmy,42,mfourmyos@dedecms.com,United Kingdom,BT66
894,Harald,Cropp,56,hcroppot@mail.ru,Armenia,
895,Ford,Stopforth,26,fstopforthou@t.co,Poland,37-240
896,Blaire,Renehan,43,brenehanov@telegraph.co.uk,Ukraine,
897,Allistir,Strand,81,astrandow@cocolog-nifty.com,Czech Republic,671 81
898,Cammi,Scrooby,24,cscroobyox@istockphoto.com,China,
899,Barnabas,Balazs,21,bbalazsoy@gov.uk,Indonesia,
900,Orion,Feedham,38,ofeedhamoz@economist.com,Croatia,31500
901,Brenden,Gerardi,75,bgerardip0@foxnews.com,Bosnia and Herzegovina,
902,Saloma,Mollitt,74,smollittp1@pinterest.com,Vietnam,
903,Abrahan,Tomczak,22,atomczakp2@163.com,Thailand,42130
904,Hastie,Vedenichev,37,hvedenichevp3@indiegogo.com,Brazil,17300-000
905,Ceil,Jeary,42,cjearyp4@printfriendly.com,Burkina Faso,
906,Randee,Hallyburton,19,rhallyburtonp5@t-online.de,Indonesia,
907,Hewe,Baggott,48,hbaggottp6@examiner.com,China,
908,Ninon,Orrum,43,norrump7@newsvine.com,China,
909,Valli,Cettell,73,vcettellp8@indiatimes.com,Ivory Coast,
910,Forrest,Wombwell,52,fwombwellp9@wikispaces.com,China,
911,Toby,Joy,55,tjoypa@smh.com.au,Poland,84-217
912,Edythe,Steuhlmeyer,80,esteuhlmeyerpb@examiner.com,Russia,624214
913,Hebert,Cooch,51,hcoochpc@weibo.com,Indonesia,
914,Bernarr,Wernher,71,bwernherpd@sfgate.com,Poland,77-201
915,Rorie,Brentnall,69,rbrentnallpe@ucla.edu,Thailand,56110
916,Park,Verlinden,40,pverlindenpf@theguardian.com,Indonesia,
917,Gardiner,Blasgen,49,gblasgenpg@photobucket.com,China,
918,Rosaleen,Fielden,52,rfieldenph@soup.io,Indonesia,
919,Ginger,Burchall,28,gburchallpi@youku.com,Russia,623641
920,Rosalind,Truder,18,rtruderpj@craigslist.org,Palestinian Territory,
921,Iona,Vanyushin,37,ivanyushinpk@squarespace.com,United States,75044
922,Rozele,Bygreaves,34,rbygreavespl@answers.com,Brazil,95180-000
923,Trenton,Jansie,80,tjansiepm@hexun.com,Argentina,3743
924,Monah,Kimm,33,mkimmpn@spotify.com,China,
925,Jade,Ormistone,29,jormistonepo@chronoengine.com,Greece,
926,Jacinda,Seys,42,jseyspp@census.gov,Namibia,
927,Lari,Dael,71,ldaelpq@cisco.com,China,
928,Jard,Aronin,78,jaroninpr@shareasale.com,China,
929,Jeanine,McLugish,21,jmclugishps@chronoengine.com,Colombia,233539
930,Marcelo,Jeannard,59,mjeannardpt@ow.ly,Russia,141662
931,Valenka,Binion,72,vbinionpu@google.com.au,Philippines,7116
932,Isidro,Wheelwright,83,iwheelwrightpv@hibu.com,Ukraine,
933,Selina,Goulthorp,58,sgoulthorppw@cnbc.com,China,
934,Sasha,Sharratt,66,ssharrattpx@vinaora.com,Portugal,6230-207
935,Odele,Roust,84,oroustpy@linkedin.com,Russia,429052
936,Ninette,Blaszkiewicz,55,nblaszkiewiczpz@eventbrite.com,Nigeria,
937,Ceciley,D'Agostino,68,cdagostinoq0@geocities.com,Indonesia,
938,Lizabeth,Sturdey,23,lsturdeyq1@vimeo.com,China,
939,Nerta,Maddocks,36,nmaddocksq2@vkontakte.ru,Egypt,
940,Camille,Laying,80,clayingq3@google.com.br,Russia,366303
941,Brock,Tynewell,57,btynewellq4@weebly.com,Ukraine,
942,Alexio,Chisholm,63,achisholmq5@dedecms.com,China,
943,Gates,Fourcade,78,gfourcadeq6@about.me,Comoros,
944,Guss,Kenway,51,gkenwayq7@printfriendly.com,China,
945,Gannon,Sollon,52,gsollonq8@youtu.be,Iran,
946,Worden,Kehir,39,wkehirq9@craigslist.org,France,87077 CEDEX 9
947,Sanderson,Leishman,31,sleishmanqa@thetimes.co.uk,Poland,63-430
948,Cammie,Phipps,64,cphippsqb@jiathis.com,Honduras,
949,Darby,Hirthe,28,dhirtheqc@state.tx.us,United States,65105
950,Samson,Daniell,72,sdaniellqd@bizjournals.com,Indonesia,
951,Willetta,Sudlow,48,wsudlowqe@dell.com,China,
952,Luise,Piccard,77,lpiccardqf@php.net,Turkmenistan,
953,Urban,Habercham,38,uhaberchamqg@icio.us,Democratic Republic of the Congo,
954,Gerik,Hradsky,72,ghradskyqh@freewebs.com,Russia,624082
955,Anne-marie,Count,79,acountqi@cocolog-nifty.com,Indonesia,
956,Karisa,Stallon,74,kstallonqj@usa.gov,Ukraine,
957,Zechariah,Lorand,80,zlorandqk@ow.ly,Bolivia,
958,Rockey,Dary,40,rdaryql@cbsnews.com,Thailand,73110
959,Zsa zsa,Halbard,76,zhalbardqm@prnewswire.com,Indonesia,
960,Vincent,McGennis,53,vmcgennisqn@nbcnews.com,Indonesia,
961,Christean,Whetland,27,cwhetlandqo@techcrunch.com,Colombia,172048
962,Reilly,Brekonridge,21,rbrekonridgeqp@craigslist.org,China,
963,Audrey,Dowry,59,adowryqq@ft.com,Poland,99-210
964,Mayor,Vanacci,68,mvanacciqr@irs.gov,Indonesia,
965,Allene,Aulds,61,aauldsqs@icq.com,Croatia,23206
966,Mary,Sargint,49,msargintqt@wikimedia.org,Russia,629851
967,Eolanda,Seary,51,esearyqu@studiopress.com,Slovenia,1241
968,Lester,Badsworth,51,lbadsworthqv@barnesandnoble.com,Greece,
969,Sandy,Rossiter,29,srossiterqw@hc360.com,Colombia,250058
970,Burnaby,Pfiffer,57,bpfifferqx@microsoft.com,Ireland,Y34
971,Ario,Bines,83,abinesqy@accuweather.com,Peru,
972,Hailey,Milberry,57,hmilberryqz@wix.com,Portugal,3700-871
973,Dinnie,Jillings,53,djillingsr0@imgur.com,Indonesia,
974,Ferdinanda,Franzewitch,27,ffranzewitchr1@ftc.gov,United States,32277
975,Glenn,Pembridge,30,gpembridger2@skyrock.com,Philippines,8702
976,Huey,Pittway,82,hpittwayr3@amazon.de,Canada,V6L
977,Lee,Muzzlewhite,67,lmuzzlewhiter4@deliciousdays.com,Bangladesh,4520
978,Dillie,Mollene,22,dmollener5@opensource.org,Dominican Republic,10405
979,Eloise,Parlett,54,eparlettr6@creativecommons.org,Afghanistan,
980,Dodie,McGeorge,21,dmcgeorger7@wikia.com,Indonesia,
981,Evangelia,McGooch,65,emcgoochr8@mysql.com,Greece,
982,Ev,Kenyon,24,ekenyonr9@xing.com,Indonesia,
983,Olenolin,Snarr,44,osnarrra@marketwatch.com,Kazakhstan,
984,Henrietta,Sorley,34,hsorleyrb@epa.gov,Sweden,467 96
985,Mel,Branford,33,mbranfordrc@newyorker.com,Cuba,
986,Shep,Wordley,44,swordleyrd@about.me,Russia,665420
987,Clywd,Duran,66,cduranre@pinterest.com,Indonesia,
988,Annmaria,Dumphreys,45,adumphreysrf@cisco.com,French Polynesia,
989,Earl,Harder,60,eharderrg@amazon.de,China,
990,Valdemar,McCloy,53,vmccloyrh@nytimes.com,Bangladesh,8242
991,Frasco,Caret,73,fcaretri@newsvine.com,China,
992,Charline,Whitewood,82,cwhitewoodrj@1688.com,Brazil,78685-000
993,Levon,Eagland,39,leaglandrk@unicef.org,China,
994,Ruggiero,Cornhill,31,rcornhillrl@shinystat.com,Costa Rica,10807
995,Milena,Carville,39,mcarvillerm@amazon.de,China,
996,Kennan,Lingard,45,klingardrn@adobe.com,Sweden,633 47
997,Malynda,Flowitt,50,mflowittro@vinaora.com,Brazil,98400-000
998,Tirrell,Gouda,34,tgoudarp@yandex.ru,China,
999,Augy,Kneller,47,aknellerrq@google.es,Philippines,8714
1000,Ephrem,Moffet,19,emoffetrr@alibaba.com,Canada,T1V
